GermplasmId,Flower,Pubescence
A06-711010,P,G
A06-712002,W,G
A06-812022,W,G
A08-151024,W,G
A08-151031,H,T
A08-248043,W,G
A09-754003,P,T
A10-456040,P,G
A10-555001,W,T
A10-556015,W,T
A10-653019,W,T
Apex,P,T
AR07-175064,P,G
AR08-186008,P,H
AR08-286003,P,T
AR09-192008,H,G
AR09-192018,H,G
AR09-192019,H,G
AR10-106008,W,H
AR10-206075,H,T
AR11-114002,P,T
AR11-114057,W,G
AR11-214001,P,T
AR11-214015,P,G
AR11-214022,W,T
AR12-128008,P,G
AR12-128013,P,G
AR12-128023,P,G
AR12-128024,P,G
AR12-128045,P,T
AR12-128047,P,G
AR12-128061,P,H
AR12-128065,P,T
AR12-128076,W,T
AR12-128091,P,H
AR12-128102,P,T
AR12-228007,P,T
AR12-228022,P,G
AR12-228047,P,G
AR12-228068,P,T
AR13-132037,P,G
AR13-132078,P,T
AR13-231017,W,T
AR13-232001,P,T
AR13-232008,P,T
AR13-232011,P,T
AR13-232049,P,G
AR13-232073,P,G
AR13-232106,P,H
AR13-332001,W,G
AR13-332013,P,T
AR13-332017,P,G
AR13-332023,P,T
AR13-332029,P,H
AR13-332030,P,T
AR13-332047,P,T
AR13-332048,P,T
AR13-332056,P,G
AR13-332057,P,G
AR13-332062,P,T
AR13-332085,P,T
AR13-332087,H,G
AR14-248009,H,G
AR14-248020,P,G
AR15-159002,P,T
AR15-159009,P,T
AR15-259014,W,G
AR15-259021,W,T
AR15-259036,P,T
AR15-359004,W,T
AR15-359008,H,T
AR15-359011,H,T
AR15-359028,W,T
AR15-359042,H,G
AW10-653019,W,T
AW11-103013,P,G
AW11-203034,W,G
AW11-203039,W,G
AW12-801031,P,G
AW12-801045,P,G
Cavalier,H,T
CL04-10534,W,T
CL04-1323141,W,T
CL05-20251,H,NA
CL05-3314,P,T
CL05-46330,H,H
CL05-61413,P,T
CR144155,W,T
CR145192,W,T
CR145524,P,T
CR145764,W,T
CR145789,P,T
CR146116,P,T
CR147814,P,T
CR147839,W,T
DSN11-02178,W,T
DSN11-03004,W,G
DSN11-03023,W,T
DSN11-03148,W,G
DSN11-03174,W,G
DSN11-04129,W,G
DSN11-06152,W,G
DSN11-10057,P,T
DSN11-12073,W,NA
DSN11-12119,P,G
DSN11-27183,W,G
E05012,W,T
E05030,W,T
E05053,P,T
E05087,H,T
E05090,P,T
E05094,P,T
E05098,W,G
E05128,P,G
E05240-T,P,G
E06006,P,T
E06161,H,G
E06164,P,G
E06165,P,T
E06167,P,G
E06240,P,G
E06243,P,T
E06246,P,G
E06372,P,T
E06380,H,G
E06381,H,G
E07021,P,G
E07038,P,G
E07040,P,H
E07048,P,G
E07051,P,G
E07075,P,G
E07078,P,G
E07080,P,T
E07087,P,T
E07090,P,G
E08052,P,T
E08058,P,G
E08130,P,T
E08135,P,T
E08142,P,T
E08200,P,T
E08206,P,T
E08210,P,T
E08235,P,G
E08239,P,T
E08242,P,T
E09014,P,H
E09089,P,G
E09090,P,G
E09107,P,T
E09109,P,T
E09110,P,T
E10174,W,G
E10254LL,P,T
E10265LL,W,T
E11095,P,T
E11399,P,T
E11401,P,T
E11431,P,T
E12020,P,T
E12034,P,T
E12042,W,NA
E12084,W,T
E13100,W,G
E13126,P,T
E13132,P,T
E13139,W,T
E13212,P,G
E13268,P,NA
E13298,P,NA
E13304,W,T
E13345,P,NA
E13364,P,G
E13369,H,G
E13370,NA,NA
E13901,W,T
E13902,H,G
E13903,H,H
E14077,P,NA
E14141,W,T
E14143,H,T
E14148,P,G
E14208,P,T
E14273,P,G
E14309,W,G
E14314,W,G
E14703,W,G
E15097,P,G
E15325,P,G
E15337,P,G
E15338,P,G
E15339,W,G
E15347,W,G
E15349,P,G
E15350,H,G
E15351,W,G
E15390,P,G
HC01-289,P,T
HM09-W053,W,T
HM09-W054,P,G
HM09-W084,W,NA
HM09-W174,P,G
HM10-A012,W,T
HM10-W081,P,G
HM10-W083,W,T
HM10-W314,H,H
HM10-W346,W,T
HM11-G011,P,G
HM11-G016,P,G
HM11-W192,P,T
HM11-W193,P,G
HM12-N067,W,T
HM12-N069,P,T
HM12-O040,P,T
HM12-O068,W,T
HM12-W060,W,G
HM12-W069,W,T
HM12-W171,P,G
HM12-W180,P,T
HM12-W300,P,H
HM13-R061,P,T
HM13-R079,P,T
HM13-R084,P,G
HM13-S072,P,G
HM13-T053,W,T
HM13-W040,W,H
HM13-W045,P,H
HM13-W073,H,G
HM13-W091,W,G
HM13-W098,W,T
HM13-W128,P,T
HM13-W154,P,G
HM13-W155,P,G
HM13-W156,P,NA
HM14-C055,W,G
HR09-706,W,G
HR09-720,W,G
HR09-728,W,G
HR09-730,W,G
HR09-734,W,G
HR10-3325,P,G
HR10-3329,P,G
HR10-3342,W,NA
HR10-3349,W,G
HR10-3487,W,T
HR13-102381,H,T
HR13-102735,P,G
HS5-3417,H,T
HS6-3705,P,T
HS6-3890,W,T
HS6-3966,W,T
HS6-3967,W,G
HS6-3973R,W,T
HS7-4314,W,T
HS7W-190,P,T
HS7W-29,P,G
HS7W-82,W,T
HS8-3317,W,G
HS8-3463,P,G
HS8-3672,W,T
HS8W-106,W,T
HS8W-30,W,T
IA1008,W,G
IA1021,P,T
IA1022,NA,NA
IA2065,P,T
IA2068,W,G
IA2073,W,NA
IA2094,P,T
IA2102,W,G
IA2109,W,T
IA3023,NA,NA
IA3024,P,NA
IA3048,W,G
IA4005,W,T
JTN-4114,W,G
JTN-4116,P,G
JTN-4214,P,G
K03-2788RR,W,T
K03-2791RR,W,T
K03-2801RR,W,T
K03-2814RR,W,T
K03-2820RR,W,T
K03-2839,W,T
K03-2897,P,T
K03-3496,P,G
K03-4142,P,T
K03-4146,P,T
K03-4150,P,T
K03-4156,P,T
K03-4157,P,T
K04-2203RR,P,G
K04-2347RR,P,G
K04-2460RR,W,T
K04-2686RR,W,G
K04-2999RR,W,T
K04-3072RR,P,T
K04-3687RR,W,T
K04-3703RR,W,T
K04-3720RR,P,H
K04-3737RR,P,T
K04-3789RR,W,T
K05-2278RR,W,T
K05-4624,W,G
K12-1464,P,G
K12-1546,W,T
K12-1575,P,T
K12-1770,W,H
K12-1781,W,G
K12-2094,H,T
K12-2236,H,G
K12-2315,W,G
K12-2333,W,NA
K12-2344,P,G
K13-1156,W,T
K13-1231,W,T
K13-1234,W,T
K13-1289,W,G
K13-1290,W,T
K13-1519,P,T
K13-1523,P,T
K13-1620,W,T
K13-1627,W,H
K14-1269,P,T
K14-1347,W,G
K14-1357,W,T
K14-1358,P,T
K14-1387,P,G
K14-1401,W,T
K14-1468,W,G
K14-1486,P,T
K14-1493,P,T
K15-1008,W,T
K15-1039,P,T
K15-1043,P,T
K15-1278,P,T
K15-1279,P,T
K15-1283,P,T
K15-1294,P,T
K15-1307,P,T
K15-1310,P,T
Lambert,P,G
LD00-1938,P,T
LD00-2817P,P,G
LD00-3309,P,T
LD00-4970,P,G
LD01-11154,P,T
LD01-5907,P,G
LD01-7323,P,G
LD01-9035,P,T
LD02-4485,P,G
LD02-5025,W,T
LD02-5124W,W,T
LD02-5320,H,T
LD02-6553,P,T
LD02-7222P,P,T
LD02-9050,P,T
LD03-10504,W,T
LD04-12754,P,T
LD04-13265,P,NA
LD04-8782,W,T
LD05-1540,W,T
LD05-16413,P,G
LD05-16657,P,T
LD05-16874,P,T
LD06-2009,W,T
LD06-7609,W,T
LD06-7620,P,T
LD06-8970,W,G
LD07-3395bf,W,G
LD07-3419,W,G
LD07-3823,P,T
LD07-4477,P,G
LD07-4530,W,G
LD08-12428a,P,G
LD08-12435a,P,G
LD08-1592,P,G
LD08-2355,W,G
LD08-2370,P,G
LD08-2388,W,T
LD08-3243,P,G
LD08-4202,W,H
LD08-5579,W,G
LD08-6068a,P,G
LD08-6972,P,G
LD08-6982,P,G
LD08-8622,P,G
LD08-RST5-10,P,T
LD09-10220,P,G
LD09-16058,P,G
LD09-17071R2,P,G
LD09-17123R2,W,T
LD09-17140R2,P,T
LD09-17213R2,W,T
LD09-17220R2,P,T
LD09-30015,P,G
LD09-30208,P,G
LD09-30224,P,G
LD09-42,W,G
LD10-10150,P,G
LD10-10198,P,G
LD10-10213,P,G
LD10-10219,P,NA
LD10-10226,P,G
LD10-11740,P,G
LD10-14323,P,G
LD10-2477,P,G
LD10-30004,W,T
LD10-30019,P,T
LD10-30036,W,T
LD10-5213a,P,G
LD10-5330a,P,G
LD10-5587a,W,T
LD10-5903a,P,G
LD10-776,W,T
LD10-9110,P,T
LD10-9168,P,T
LD10-9200,P,T
LD10-9409,P,T
LD10-9423,W,T
LD10-9483,H,H
LD10-9763,P,G
LD11-10069,W,NA
LD11-11299,H,NA
LD11-1249,P,T
LD11-13342Ra,W,T
LD11-13802R2,P,T
LD11-13814R,W,T
LD11-13834R,W,T
LD11-13948R,P,T
LD11-14102R,W,NA
LD11-14160R,W,T
LD11-14283R,W,T
LD11-14287R,P,T
LD11-14335R,P,T
LD11-14362R,W,T
LD11-1882,W,G
LD11-2170,P,NA
LD11-3619,W,T
LD11-643,P,G
LD11-7311,H,G
LD11-9790,P,NA
LD12-10534,W,NA
LD12-15064R1a,P,G
LD12-15129R1a,NA,NA
LD12-15156R1a,P,NA
LD12-15224R2a,P,T
LD12-15227R2a,P,T
LD12-15229R2a,P,T
LD12-15246R2a,P,G
LD12-15248R2a,P,T
LD12-15505R1,P,T
LD12-15609R2,P,NA
LD12-15753R2,P,NA
LD12-15808R1a,P,G
LD12-15811R1a,P,G
LD12-15840R1a,P,G
LD12-300,W,G
LD12-3866,H,G
LD13-13228R1a,P,G
LD13-13334R1a,NA,G
LD13-13478R1a,P,T
LD13-14071R2,P,G
LD13-14107R2,P,T
LD13-14327R2,W,G
LD13-14460R1,P,T
LD13-14525R2,NA,NA
LD13-4902a,P,G
LD13-6692,W,G
LD13-759,W,T
LD13-767,W,T
LD14-1167,H,T
LD14-1429,P,T
LD14-2880,W,T
LD14-3090,W,G
LD14-3216,H,T
LD14-3218,P,T
LD14-3340,P,T
LD14-3702,P,T
LD14-4098a,P,T
LD14-4763a,P,G
LD14-6099a,P,G
LD14-6103a,P,G
LD14-6363,P,G
LD14-6766,P,T
LD14-6796,P,G
LG00-6293,P,T
LG00-6304,P,T
LG00-8298,W,T
LG01-2617,P,T
LG01-4067,P,T
LG01-4178,P,G
LG01-4541,P,G
LG01-4758,W,T
LG01-4762,W,T
LG01-4918,W,T
LG03-1099,H,G
LG03-1773,P,T
LG03-2561,W,G
LG03-2766,P,G
LG03-2866,W,G
LG03-2894,P,G
LG03-3191,P,T
LG03-3755,W,G
LG03-3780,P,T
LG03-3853,W,T
LG03-3859,W,T
LG03-3867,W,T
LG04-3292,W,G
LG04-3577,P,G
LG04-3642,P,T
LG04-3763,W,T
LG04-3765,W,T
LG04-4468,W,T
LG04-4696,W,T
LG04-4717,P,G
LG04-5196,W,T
LG04-5286,P,T
LG04-5372,W,G
LG04-5377,W,T
LG04-5389,P,G
LG04-5988,W,H
LG04-5993,W,T
LG04-6000,W,T
LG04-6005,W,T
LG04-6449,P,T
LG05-2356,H,G
LG05-4010,W,T
LG05-4092,P,T
LG05-4126,P,T
LG05-4292,P,G
LG05-4317,W,T
LG05-4354,P,T
LG05-4464,P,G
LG05-4832,W,T
LG06-2219,P,T
LG06-2340,W,G
LG06-2354,W,G
LG06-2697,H,T
LG06-2855,W,T
LG06-2866,W,T
LG06-5798,P,T
LG06-6094,P,T
LG07-2309,P,G
LG07-6843,W,T
LG07-6848,H,T
LG07-6950,P,T
LG07-6953,P,T
LG07-8914,W,T
LG07-9814,W,T
LG08-1643,P,T
LG08-3007,H,G
LG08-3009,W,G
LG08-3607,W,T
LG08-3838,P,G
LG08-4227,P,T
LG08-4955,P,T
LG09-5636,W,T
LG09-5856,W,G
LG09-5857,P,G
LG09-5875,P,T
LG09-7157,P,G
LG09-7163,P,G
LG09-7167,P,NA
LG09-7193,P,G
LG09-7250,W,NA
LG09-7356,P,G
LG09-7431,P,G
LG09-7464,W,G
LG09-7477,W,G
LG09-7547,W,T
LG09-7739,P,G
LG09-7823,P,T
LG09-8078,P,T
LG09-8165,P,G
LG09-8166,P,G
LG09-8515,P,T
LG09-8519,P,T
LG09-8526,P,T
LG09-8542,P,T
LG09-8545,P,T
LG09-8556,P,T
LG09-8595,W,T
LG09-8615,W,T
LG09-8656,W,T
LG09-8702,P,T
LG10-2688,W,T
LG10-2695,W,G
LG10-2699,W,T
LG10-2983,P,G
LG10-3045,W,T
LG10-3250,P,T
LG10-3251,P,T
LG10-3278,P,T
LG10-3369,W,G
LG10-3409,W,T
LG10-3413,P,T
LG10-3432,P,T
LG10-3987,P,T
LG11-5120,W,T
LG11-6190,P,T
LG11-6205,P,T
LG11-6208,W,T
LG11-6210,W,T
LG11-6212,P,T
LG11-6214,P,T
LG11-6215,W,T
LG11-6759,P,NA
LG11-6760,P,NA
LG11-6761,NA,NA
LG11-7662,W,G
LG11-7722,P,T
LG11-7727,W,T
LG11-7880,W,T
LG12-1023,W,T
LG12-2087,W,T
LG12-2096,P,T
LG12-2177,W,T
LG12-3475,W,NA
LG12-3478,W,NA
LG12-3738,W,T
LG12-3771,W,T
LG12-3913,P,T
LG12-3935,W,T
LG12-4045,P,T
LG12-4068,W,NA
LG12-4072,NA,NA
LG12-4073,W,G
LG13-1006,W,T
LG13-1107,W,T
LG13-1257,P,T
LG13-1952,P,G
LG13-2240,W,T
LG13-3576,W,T
LG13-3578,W,T
LG13-3594,P,G
LG13-3614,W,G
LG13-3622,W,G
LG13-3729,W,G
LG13-3844,W,T
LG13-3861,W,T
LG13-3895,W,G
LG13-3925,NA,NA
LG13-3971,W,G
LG13-3975,P,G
LG13-3981,NA,NA
LG13-3992,P,T
LG13-3993,NA,T
LG13-4001,W,T
LG13-4025,W,T
LG13-4038,P,T
LG13-4053,W,T
LG14-6165,W,NA
LG14-6166,W,G
LG14-6169,W,G
LG14-6201,W,T
LG14-7959,P,NA
LG14-7965,P,G
LG14-8024,W,T
LG15-2049,W,T
LG15-2136,W,T
LG15-2214,W,T
LG15-2243,W,T
LG15-2775,P,T
LG15-4418,W,G
LG15-4486,P,G
LN97-15076,W,T
LS08-4637,W,T
LS08-4941,P,G
LS08-5515,W,T
LS08-6034,P,G
LS09-1530,H,H
LS09-2340,H,T
LS09-2342,W,T
LS09-2659,P,G
LS09-2722,P,G
M00-110014,W,G
M00-110060,W,G
M00-307023,P,G
M00-307055,P,G
M00-311054,P,T
M00-326044,P,H
M00-326087,NA,NA
M00-327021,P,G
M00-335031,W,G
M00-336023,P,G
M00-340068,P,T
M00-378032,P,T
M00-400054,P,G
M00-500071,P,G
M00-522014,H,G
M00-522016,H,G
M00-524048,P,G
M00-528090,NA,NA
M00-529011,P,T
M00-530008,P,G
M00-530039,P,NA
M00-530118,W,G
M00-537061,P,G
M01-213045,W,G
M01-221039,P,T
M01-241048,W,G
M01-242025,P,G
M01-242042,P,G
M01-257028,P,T
M01-258100,P,G
M01-269046,P,T
M01-269047,P,T
M01-278013,P,G
M01-318027,H,T
M01-318034,W,T
M01-318104,H,G
M01-321123,W,G
M01-321154,P,G
M01-322056,P,G
M01-322091,H,G
M01-322148,W,G
M02-113076,P,G
M02-115031,W,G
M02-141020,P,G
M02-314039,P,G
M02-314095,P,T
M02-317003,P,NA
M02-317006,P,G
M02-324024,P,G
M02-328023,P,T
M02-328139,P,G
M02-330105,P,G
M02-330112,P,G
M02-333013,P,G
M02-333069,P,G
M02-385041,P,T
M02-385091,H,T
M02-399012,W,T
M02-495076,W,T
M02-733007,P,T
M03-143100,P,G
M03-147-1022,P,T
M03-149087,W,G
M03-149100,P,T
M03-158071,NA,T
M03-160082,P,G
M03-163106,W,G
M03-165068,W,G
M03-172059,W,G
M03-189083,P,G
M03-192010,P,G
M03-193054,P,G
M03-229084,P,G
M04-229039,P,T
M04-242040,P,G
M04-254003,P,G
M04-261037,P,G
M04-267028,P,G
M04-338008,P,T
M04-340048,P,T
M04-342124,P,T
M04-380030,P,T
M04-380101,P,T
M04-380106,P,T
M04-389079,P,G
M05-182007,P,NA
M05-214049,W,G
M05-226053,W,G
M05-242024,W,G
M05-243040,P,G
M05-248041,W,T
M05-286085,W,G
M05-307064,P,T
M05-319032,P,T
M05-328025,W,G
M05-350061,W,NA
M05-353148,P,G
M05-363022,H,G
M05-363031,W,G
M05-364040,P,T
M05R-615082,P,T
M06-235003,W,G
M06-235009,W,T
M06-247018,P,T
M06-274009,P,T
M06-274098,P,T
M06-289001,W,T
M06-294048,P,G
M06-296023,P,T
M06-310036,P,G
M06-310039,P,G
M06-320039,P,T
M06-337010,W,G
M06-337011,W,G
M06-337041,P,G
M06-338016,NA,G
M06-353010,H,G
M06-355049,W,T
M06-356031,P,G
M06-358171,H,H
M06-358188,P,G
M06-361002,P,H
M06-361006,H,G
M06-378172,P,T
M06-380029,P,G
M06-381085,NA,G
M06R-150044,P,G
M06R-152009,P,G
M06R-613036,P,T
M06R-614008,W,T
M06R-614016,H,T
M06R-619017,P,G
M06R-621-1007,H,G
M06R-621-1014,P,G
M06R-621-7020,P,G
M07-209037,W,G
M07-260009,H,G
M07-260028,H,G
M07-266078,P,T
M07-267006,W,G
M07-276085,P,G
M07-278122,NA,G
M07-278126,H,G
M07-340035,P,G
M07-340083,P,H
M07-352123,P,G
M07-352133,P,T
M07-354108,P,T
M07-355016,H,G
M07-392055,P,T
M07-396047,P,T
M07-396099,P,G
M07-396100,P,T
M07-396118,P,T
M07-404023,W,G
M08-144017,W,G
M08-144031,NA,NA
M08-144103,NA,NA
M08-144119,P,NA
M08-154007,NA,NA
M08-154093,P,T
M08-212028,P,T
M08-212033,P,T
M08-218002,P,H
M08-218089,P,T
M08-221060,P,H
M08-224032,P,G
M08-224101,P,G
M08-225081,P,G
M08-231043,P,G
M08-271196,NA,NA
M08-271308,P,T
M08-271313,P,T
M08-271319,P,T
M08-337014,P,G
M08-354011,W,T
M08-359053,NA,NA
M08-362045,W,NA
M08-365100,P,G
M08-391087,P,G
M08-434013,P,G
M08-434024,P,NA
M08-608002,P,H
M08-608014,W,H
M08-608027,H,H
M08-608033,H,H
M08-608051,W,G
M08-609011,W,H
M09-159052,P,G
M09-169049,W,G
M09-223022,NA,T
M09-226039,H,G
M09-240005,W,G
M09-240029,W,T
M09-240047,P,G
M09-240061,W,G
M09-241044,H,H
M09-242072,P,G
M09-248030,H,G
M09-251028,P,G
M09-251081,P,G
M09-251100,P,G
M09-251149,P,G
M09-252032,P,G
M09-252048,H,H
M09-252049,H,G
M09-252085,W,H
M09-261065,W,T
M09-261067,H,T
M09-261079,H,H
M09-261084,W,G
M09-261089,P,T
M09-262111,W,G
M09-263090,W,G
M09-263119,H,G
M09-264062,P,G
M09-269045,P,NA
M09-274025,P,G
M09-278026,H,G
M09-278096,P,T
M09-278097,P,T
M09-281098,W,T
M09-285032,P,G
M09-285149,P,G
M09-305001,P,T
M09-305042,P,T
M09-305119,H,T
M09-305139,W,T
M09-305144,NA,T
M09-319035,P,T
M09-335008,H,G
M09-335025,H,G
M09-340038,H,G
M09-340043,H,H
M09-340060,NA,NA
M09-340063,W,T
M09-340080,P,G
M09-340084,W,T
M09-341061,P,T
M09-343023,H,T
M09-343025,NA,NA
M09-519014,P,G
M09-525015,P,T
M09-525033,P,G
M09-525037,P,G
M09-876012,NA,G
M09-876026,W,T
M09-876048,NA,NA
M09-876062,P,G
M09-877004,NA,G
M09-877021,P,G
M09-877022,W,G
M09-877026,P,G
M09-878011,NA,NA
M09-878072,NA,G
M09-878087,NA,G
M09-956021,NA,G
M09-956047,NA,NA
M09-956063,NA,NA
M09-957021,H,H
M09-957029,H,H
M09-957051,NA,NA
M09-957052,H,H
M09-957075,H,G
M10-171020,P,NA
M10-186021,P,G
M10-198005,W,G
M10-198059,P,G
M10-200119,W,G
M10-201034,W,T
M10-207102,P,NA
M10-207126,W,G
M10-218053,P,T
M10-218069,W,T
M10-249014,P,G
M10-249028,W,G
M10-254090,P,G
M10-268096,W,T
M10-270004,W,G
M10-274172,P,G
M11-115357,W,T
M11-120003,P,T
M11-120020,P,T
M11-120121,P,NA
M11-123013,P,T
M11-123015,W,G
M11-123087,H,T
M11-124006,W,T
M11-124010,W,G
M11-130013,W,G
M11-130058,H,G
M11-131005,W,G
M11-131015,NA,G
M11-131022,W,G
M11-131044,NA,G
M11-131060,P,G
M11-131119,P,G
M11-132019,W,G
M11-132044,W,G
M11-238102,W,T
M11-241015,P,T
M11-244115,W,G
M11-244139,W,G
M11-245026,P,T
M11-253-4066,P,T
M11-268105,W,T
M11-271059,W,G
M11-271062,W,T
M11-271064,W,H
M11-278003,P,G
M11-279046,P,G
M11-298308,P,T
M11-337015,P,G
M11-377069,P,G
M11-377115,P,T
M97-130015,P,T
M97-357138,P,G
M98-108027,P,G
M98-133-20012,P,G
M98-211046,P,G
M98-211117,P,G
M98-212006,P,G
M98-227065,W,G
M98-237086,P,NA
M98-238010,W,G
M98-239080,W,G
M98-240104,W,G
M98-259060,W,T
M98-267068,W,G
M98-270026,P,G
M98-331009,P,T
M98-332069,P,T
M98-332108,P,H
M98-332122,P,T
M98-346081,W,G
M99-112009,H,G
M99-215028,P,G
M99-230063,P,G
M99-232001,W,G
M99-246012,W,G
M99-255036,H,G
M99-278133,P,H
M99-280105,W,T
M99-386097,P,G
Macon,W,T
MBC11-404-010,W,G
MBC11-424-1-25,H,H
MBC11-425-5-002,P,T
MD03-5453,P,G
MD03-5733,P,T
MD04-5060,P,G
MD04-5174,P,T
MD04-5550,W,T
MD05-5177,W,T
Md0708WN120,P,G
Md0708WN122,P,G
Md0708WN124,P,G
Md07-5100,P,T
Md-0809WN100,W,T
Md-08-5816,P,G
MLG03-4069017,P,T
MLG09-5302035,P,G
MLG09-5431014,W,T
MLG09-5431018,W,T
MLG09-5431032,W,G
MN0071,P,T
MN0095,P,G
MN0404CN,P,T
MN0606CN,W,T
MN0902CN,W,T
MN1410,W,G
MN1410R2F5-117,P,G
MN1410R2F5-121,P,G
MN1410R2F5-217,W,G
MN1410R2F5-22,P,G
MN1410R2F5-4,P,G
MN1410R2F5-83,W,G
MN1803RR,NA,G
MSC09-774089,H,G
MSC09-777143,NA,NA
MSC10-559061,H,G
MTC00-112-412-10,P,H
NEX2905A0R,P,G
OAC04-20,P,T
OAC05-02,W,T
OAC05-17,P,T
OAC05-30,P,T
OAC05-33,P,NA
OAC05-40,P,T
OAC06-02,P,T
OAC06-03,P,NA
OAC06-14,P,T
OAC06-32,P,T
OAC07-03C,P,T
OAC07-04C,P,T
OAC07-06C,P,T
OAC07-23C,P,T
OAC07-26C,W,T
OAC07-48C,P,T
OAC08-11C,P,T
OAC08-18C,P,G
OAC08-22C,W,G
OAC09-01C,P,T
OAC09-17C,P,T
OAC09-35C,P,G
OAC09-44C,W,G
OAC10-06C,P,T
OAC10-20C,P,G
OAC10-24C,P,NA
OAC10-32C,H,H
OAC10-36C,H,T
OAC10-38C,P,T
OAC10-40C,H,G
OAC11-13C,P,T
OAC11-25C,P,T
OAC11-34C,P,T
OAC11-37C,W,T
OAC11-43C,P,T
OAC11-46C,P,G
OAC11-51C,P,G
OAC12-107C-HO,P,T
OAC12-21C,P,T
OAC12-31C,P,T
OAC12-44C,P,G
OAC12-61C,P,T
OAC12-66C,P,T
OAC12-86C,P,G
OAC12-98C,P,T
OAC13-05C,P,T
OAC13-06C,P,T
OAC13-64C-ChCdn,P,T
OAC13-67C-ChCdn,W,T
OAC13-74C-SCN,P,T
OAC13-85C-SCN,P,T
OAC13-87C-SCN,W,T
OAC14-01,P,T
OAC14-05,P,T
OAC14-07C,P,G
OAC14-12C,P,G
OAC14-24C,P,T
OAC14-26C,P,G
OAC15-06C,P,T
OAC15-11C,P,T
OAC15-13C,P,T
OAC15-15C,P,T
OAC15-32C,P,T
ORC1602N,W,G
ORC2516N,P,T
ORC2616N,W,G
ORC3313N,W,G
ORC3713N,NA,G
ORC5814,P,G
ORC7215N,W,G
ORC7512N,P,G
ORC7612N,W,T
ORC8015,P,T
ORC8512N,P,G
ORC8715,W,G
Pana,P,G
Parker,W,G
RG200RR,P,T
S10-6090RR,P,T
S11-10348RR,P,G
S12-1879,W,G
S12-1939,W,T
S12-3318,W,T
S12-3443,P,G
S12-3728,P,G
S12-3779,W,H
S12-3835,W,T
S13-11061,P,H
S13-14661,W,T
SA10-11227,W,G
SA10-8471,NA,G
SA11-15334,P,G
SA11-18687,P,G
SA11-3268,P,G
SA11-9478RR,W,NA
SA12-1018,P,T
SA12-1338,W,T
SA12-1340,W,T
SA12-1394,P,T
SA12-1451,P,G
SA12-1455,W,NA
SA12-1471,NA,NA
SA12-1756RR,W,NA
SA12-1914,W,T
SA13-1310,P,NA
SA13-1363,P,NA
SA13-1385,W,NA
SA13-1464,P,T
SA13-2047,W,G
SA13-2126,P,G
SA13-2489,W,G
SA13-2494,W,G
SA13-2699,P,G
SA13-3135,P,G
SA13-4268RR,W,NA
SA13-4304RR,W,T
SA13-4342RR,W,G
SA13-4420RR,P,G
SA13-4434RR,W,G
SA13-5761,P,T
SA14-5754,P,T
SA14-5854,P,T
SA14-5893,W,H
SA14-9653,P,T
SA14-9742,P,G
SD(LD)05-16118,P,G
SD(LD)05-16137,P,G
SD00-1251R,P,T
SD00-167,NA,T
SD00-266,P,G
SD01-3477R,P,G
SD01-76R,P,G
SD02-1045,W,G
SD02-14,W,T
SD02-22,W,T
SD02-833,P,T
SD02-906,P,T
SD02-923,W,T
SD02-96,P,T
SD03-1254,P,T
SD03-1537,P,T
SD03-1603,P,T
SD03-2154,P,G
SD03-2327,P,T
SD03-2768R,P,NA
SD03-3038R,P,NA
SD03-3920R,P,T
SD04CV-485,H,T
SD04CV-534,P,G
SD04CV-564,P,G
SD04CV-611,P,T
SD04CV-613,P,G
SD04CV-965,P,G
SD04CV-972,P,G
SD04R-3666,P,T
SD04R-4273,P,G
SD04R-4281,P,G
SD04R-4284,P,G
SD04R-4490,P,G
SD05-240,P,G
SD05-335,P,G
SD05-383,P,G
SD05R-2750,W,T
SD05R-4526,P,T
SD05R-5878,P,G
SD06-320,P,G
SD06-322,P,G
SD06-328,P,G
SD06-344,P,G
SD06-393,P,G
SD06-415,P,G
SD06-418,P,G
SD06-424,P,G
SD06-428,P,G
SD06-430,P,G
SD06-432,W,G
SD06-441,P,G
SD06-444,P,G
SD06-455,P,G
SD06-483,P,G
SD06-487,P,G
SD06-525,NA,G
SD06-535,P,T
SD06-577,W,T
SD06-589,P,G
SD06R-1200,P,G
SD06R-1729,P,T
SD06R-1780,P,T
SD06R-1901,P,NA
SD06R-1917,P,T
SD06R-2462,P,G
SD06R-2545,P,T
SD06R-3241,P,H
SD06R-3250,P,T
SD06R-3612,P,G
SD06R-3650,W,G
SD06R-4518,P,T
SD06R-5123,P,G
SD06R-5528,P,G
SD06R-5663,P,G
SD06R-5684,P,T
SD06R-5819,P,T
SD07CV-367,W,G
SD07CV-523,W,G
SD07CV-528,P,G
SD07CV-539,W,G
SD07CV-576,W,G
SD07CV-603,W,G
SD07CV-619,W,T
SD07CV-631,P,G
SD07CV-673,W,G
SD07CV-770,P,T
SD07CV-800,W,G
SD07CV-874,W,T
SD07CV-875,W,T
SD07CV-878,W,G
SD07CV-884,P,G
SD07CV-885,W,T
SD07CV-886,W,G
SD07CV-935,P,T
SD07CV-997,H,T
SD08CV-0015,W,G
SD08CV-0016,W,G
SD08CV-0018,W,NA
SD08CV-0019,H,G
SD08CV-0024,P,G
SD08CV-1041,W,G
SD08CV-1043,P,G
SD08CV-1061,W,G
SD08CV-1066,W,G
SD08CV-1078,H,G
SD08CV-1080,P,G
SD08CV-1211,P,G
SD08CV-2080,W,G
SD08CV-2083,P,G
SD08CV-2088,P,G
SD08CV-2094,P,G
SD08CV-2096,P,G
SD08CV-2102,NA,G
SD09CV-0012,P,G
SD09CV-0030,P,T
SD09CV-0047,H,T
SD09CV-0055,W,G
SD09CV-0076,P,T
SD09CV-0133,P,G
SD09CV-2038,P,G
SD1091RR-4,P,G
SD10CV-0066,P,T
SD10CV-0096,P,T
SD10CV-0156,P,T
SD10CV-1225,P,G
SD1111RR,P,G
SD1161RR,W,G
SDFA07-771,W,T
SDX00R-017-52,P,G
SDX00R-020-18,P,T
SDX00R-026-42,H,G
SDX00R-029-3,P,NA
SDX00R-035-56,W,G
Sheyenne,P,G
Strong,W,T
Surge,P,G
TN05-3027,W,G
TN05-4008,W,G
Traill,P,T
U00-409006,W,H
U01-190123,W,G
U01-190271,W,G
U01-190300,W,G
U01-190307,W,G
U01-190311,W,G
U01-190318,W,G
U01-190319,W,G
U01-190324,P,G
U01-290680,W,G
U01-290681,W,T
U01-290820,W,G
U01-290931,W,G
U01-291048,P,G
U01-310412,P,H
U01-390127,H,G
U01-390157,W,G
U01-390159,W,G
U01-390224,W,G
U01-390274,H,H
U01-390489,W,G
U01-390495,W,G
U01-390496,W,G
U01-390504,P,G
U01-390511,W,G
U01-390517,W,G
U01-390553,W,G
U01-390637,W,G
U01-390701,P,G
U01-390783,H,T
U01-390784,P,H
U01-390787,NA,NA
U01-390794,P,G
U02-100652,W,G
U02-140131,P,G
U02-140132,W,G
U02-200106,W,G
U02-200629,W,G
U02-204506,P,T
U02-205111,P,T
U02-205137,P,T
U02-210123,NA,NA
U02-210423,P,T
U02-210455,W,T
U02-241130,W,G
U02-242017,P,G
U02-242055,W,T
U02-300455,P,H
U02-300463,P,NA
U02-341439,W,T
U02-341563,P,T
U03-100612,P,T
U03-200238,P,G
U03-200317,P,T
U03-300134,P,T
U03-827101,W,T
U04-701201,P,T
U04-945062,P,T
U05-224017,P,T
U05-226055,W,T
U05-741026,P,T
U06-103459,W,G
U06-103715,W,G
U06-300984,W,T
U06-814223R,W,T
U07-135601R,P,G
U07-135636R,W,T
U07-200233,W,T
U07-200271,W,G
U07-236940R,P,T
U09-105007,P,NA
U09-118017,NA,NA
U09-133005,P,T
U09-133021,P,T
U09-202083,P,NA
U09-210051,P,NA
U09-211049,NA,T
U09-211070,P,G
U09-311114,NA,NA
U09-312115,P,T
U09-316113,P,G
U09-317120,P,T
U11-343008,P,G
U11-346046,NA,NA
U11-360009,P,G
U11-374036,P,T
U11-376008,P,H
U11-377007,W,NA
U11-380035,P,G
U11-396029,P,T
U11-396034,P,NA
U11-410122,W,T
U11-430085,P,NA
U11-441098,W,G
U11-444079,H,G
U11-444083,NA,NA
U11-448096,P,G
U11-449088,P,G
U11-468126,W,T
U11-494100,W,NA
U11-607166R,P,G
U11-607174R,P,G
U11-609163R,H,T
U11-609165R,P,G
U11-610107,P,T
U11-610109,P,NA
U11-611112,P,T
U11-612121,H,H
U11-614093,P,NA
U11-614119,NA,NA
U11-616086,W,T
U11-616111,W,G
U11-619102,NA,NA
U11-619104,P,T
U11-622148,P,T
U11-629168R,W,G
U11-638173R,W,G
U11-642173R,W,G
U11-649117,P,T
U11-902111R,P,T
U11-902116R,P,G
U11-903002,W,G
U11-905076,P,T
U11-906115R,P,T
U11-907098,P,NA
U11-911074,P,T
U11-911079,P,NA
U11-913028,P,T
U11-913102,W,G
U11-915054,P,T
U11-917032,P,T
U11-918019,P,NA
U11-918052,P,NA
U11-919011,P,T
U11-920017,NA,NA
U11-924115R,H,T
U11-924119R,P,NA
U11-925119R,P,T
U11-926111R,P,T
U11-927115R,W,T
U11-927121R,P,T
U11-931121R,W,T
U11-932025,NA,NA
U11-932077,H,T
U11-932079,P,NA
U12-209068,NA,T
U12-330200,P,T
U12-415209,W,T
U12-416214,W,T
U12-428210,NA,T
U12-428214,P,T
U12-611009,P,G
U12-902102R,P,G
U12-902104R,P,T
U12-902108R,P,T
U12-903108R,P,T
U12-903112R,P,G
U12-904114R,P,NA
U12-905062,W,NA
U12-907117R,P,G
U12-909109R,W,T
U12-909110R,P,G
U12-917123R,P,G
U12-919011,W,G
U12-920105R,P,G
U12-920124R,P,G
U12-921005,P,G
U12-922122R,P,G
U12-923116R,P,G
U12-923122R,P,G
U12-924100R,P,G
U12-924117R,P,G
U12-926110R,P,G
U12-926115R,P,G
U12-927105R,P,G
U13-215422,P,G
U13-220427,W,G
U13-223411,P,G
U13-227425,P,H
U13-228421,W,G
U13-229443,P,G
U13-231286,NA,NA
U13-231427,P,G
U13-233294,W,G
U13-233425,H,G
U13-235283,W,G
U13-235297,P,G
U13-329025,P,G
U13-602142,P,T
U13-602187,P,NA
U13-602194,P,T
U13-603120,P,NA
U13-604147,P,NA
U13-605123,P,T
U13-605132,P,T
U13-608110,P,T
U13-609144,P,NA
U13-612076,P,T
U13-613037,P,T
U13-614037,P,NA
U13-614123,H,T
U13-615123,W,G
U13-617037,P,T
U13-618087,P,T
U13-618123,P,G
U13-618135,P,G
U13-904037,P,T
U13-905029,P,T
U13-908070,W,T
U13-909086,W,H
U13-910045,P,T
U13-910087,P,T
U13-911014,W,G
U13-912010,NA,G
U13-912032,W,G
U13-912040,P,T
U13-913034,W,G
U13-914045,P,T
U13-916028,H,G
U13-918042,NA,NA
U13-926082,W,G
U13-929048,W,H
U13-931068,P,NA
U14-103005,P,T
U14-103008,P,G
U14-103015,P,NA
U14-103022,P,T
U14-103043,P,G
U14-108007,P,T
U14-108041,P,G
U14-110036,P,T
U14-111010,P,T
U14-206321,W,G
U14-206326,W,T
U14-211126,P,G
U14-211209,P,G
U14-211226,P,G
U14-213255,W,T
U14-216260,P,G
U14-218219,W,G
U14-221187,P,T
U14-221253,P,T
U14-222063,NA,T
U14-223230,P,T
U14-227239,P,H
U14-227255,H,T
U14-319013,P,T
U14-320041,P,T
U14-321026,W,T
U14-322043,W,T
U14-605217,W,G
U14-608170,W,G
U14-615073,W,G
U14-902082,W,G
U14-903100,P,G
U14-909100,P,G
U14-910097,P,G
U14-912075,P,G
U14-912101,P,G
U14-914093,P,G
U14-915126,NA,G
U14-919098,P,G
U14-923097,P,NA
U14-924158,P,G
U14-925152,P,G
U14-926130,P,G
U14-927136,P,G
U15-606207,P,G
U15-613163,P,G
U15-613225,P,T
U15-908119,W,G
U15-917133,P,T
U15-927115,P,H
U15-929095,H,G
U99-035014,P,G
V02-8659,P,T
